<?xml version="1.0" encoding="UTF-8" ?>
<!DOCTYPE mapper
  PUBLIC "-//mybatis.org//DTD Mapper 3.0//EN"
  "http://mybatis.org/dtd/mybatis-3-mapper.dtd">
<mapper namespace="com.inhatc.mapper.BoardMapper_add">


	<select id="getList" resultType="com.inhatc.domain.BoardVO">
	<![CDATA[
		select * from tbl_board_add where bno > 0 
		]]>
	</select>

	<insert id="insert">
		insert into tbl_board_add (bno,title,content,writer)
		values (seq_board_add.nextval, #{title}, #{content}, #{writer})
	</insert>

 <insert id="insertSelectKey">

		<selectKey keyProperty="bno" order="BEFORE"
			resultType="long">
			select seq_board_add.nextval from dual
		</selectKey>

		insert into tbl_board_add (bno,title,content, writer)
		values (#{bno},
		#{title}, #{content}, #{writer})
	</insert>
	

	<select id="read" resultType="com.inhatc.domain.BoardVO">
		select * from tbl_board_add where bno =
		#{bno}
	</select>
	


	<delete id="delete">
		delete tbl_board_add where bno = #{bno}
	</delete>

	<update id="update">
		update tbl_board_add
		set title= #{title},
		content=#{content},
		writer = #{writer},
		updateDate = sysdate
		where bno =
		#{bno}
	</update>
	
	

</mapper>
