<?xml version="1.0" encoding="UTF-8" ?>
<!DOCTYPE mapper
  PUBLIC "-//mybatis.org//DTD Mapper 3.0//EN"
  "http://mybatis.org/dtd/mybatis-3-mapper.dtd">
<mapper namespace="com.inhatc.mapper.StudentInfoMapper">


	<select id="getList" resultType="com.inhatc.domain.StudentInfoVO">
		select * from tbl_studentinfo
	</select>

	<insert id="insert">
		insert into tbl_studentinfo (stu_id,stu_name,address,phone,email)
		values (#{stu_id}, #{stu_name}, #{address}, #{phone}, #{email})
	</insert>

	<select id="select" resultType="com.inhatc.domain.StudentInfoVO">
		select * from tbl_studentinfo where stu_id =
		#{stu_id}
	</select>
	


	<delete id="remove">
		delete tbl_studentinfo where stu_id = #{stu_id}
	</delete>

	<update id="modify">
		update tbl_studentinfo
		set stu_name= #{stu_name},
		address=#{address},
		phone = #{phone},
		email = #{email}
		where stu_id =
		#{stu_id}
	</update>
	
	

</mapper>
