<?xml version="1.0" encoding="UTF-8" ?>
<!DOCTYPE mapper
  PUBLIC "-//mybatis.org//DTD Mapper 3.0//EN"
  "http://mybatis.org/dtd/mybatis-3-mapper.dtd">
<mapper namespace="com.inhatc.mapper.TimeTableMapper">


	<select id="getList" resultType="com.inhatc.domain.TimeTableVO">
	<![CDATA[
		select * from tbl_201444034_timetable where tno > 0 
		]]>
	</select>

	<insert id="insert">
		insert into tbl_201444034_timetable (tno,grade,tclass,professor,day_of_week,room)
		values (seq_201444034_timetable.nextval, #{grade}, #{tclass}, #{professor}, #{day_of_week}, #{room})
	</insert>

 <insert id="insertSelectKey">

		<selectKey keyProperty="tno" order="BEFORE"
			resultType="long">
			select seq_201444034_timetable.nextval from dual
		</selectKey>

		insert into tbl_201444034_timetable (tno,grade,tclass,professor,day_of_week,room)
		values (#{tno}, #{grade}, #{tclass}, #{professor}, #{day_of_week}, #{room})
	</insert>
	
	<select id="select" resultType="com.inhatc.domain.TimeTableVO">
		select * from tbl_201444034_timetable where professor =
		#{professor}
	</select>
	
	<update id="modify">
		update tbl_201444034_timetable
		set grade = #{grade},
		tclass = #{tclass},
		professor = #{professor},
		day_of_week = #{day_of_week},
		room = #{room}
		where tno =
		#{tno}
	</update>

	<delete id="remove">
		delete tbl_201444034_timetable where professor = #{professor}
	</delete>
</mapper>
